set_name,book_id
train-clean-360,83696
train-clean-360,83708
train-clean-360,83706
train-clean-360,1120
train-clean-360,1119
train-clean-360,1129
train-clean-360,282926
train-clean-360,1733
train-clean-360,1732
train-clean-360,1730
train-clean-360,1731
train-clean-360,106369
train-clean-360,106370
train-clean-360,132101
train-clean-360,148550
train-clean-360,124587
train-clean-360,132299
train-clean-360,132300
train-clean-360,132291
train-clean-360,161972
train-clean-360,161975
train-clean-360,155646
train-clean-360,88086
train-clean-360,85640
train-clean-360,85635
train-clean-360,6541
train-clean-360,130516
train-clean-360,130548
train-clean-360,130492
train-clean-360,130549
train-clean-360,71320
train-clean-360,61356
train-clean-360,55202
train-clean-360,141644
train-clean-360,141642
train-clean-360,289453
train-clean-360,126296
train-clean-360,25951
train-clean-360,126319
train-clean-360,126313
train-clean-360,126312
train-clean-360,19361
train-clean-360,125147
train-clean-360,125140
train-clean-360,296465
train-clean-360,291170
train-clean-360,291168
train-clean-360,71401
train-clean-360,71404
train-clean-360,71402
train-clean-360,131735
train-clean-360,57836
train-clean-360,57837
train-clean-360,100044
train-clean-360,100043
train-clean-360,100045
train-clean-360,293963
train-clean-360,293957
train-clean-360,59268
train-clean-360,118119
train-clean-360,118128
train-clean-360,282977
train-clean-360,246932
train-clean-360,110706
train-clean-360,110705
train-clean-360,52087
train-clean-360,52088
train-clean-360,133396
train-clean-360,134981
train-clean-360,134316
train-clean-360,132717
train-clean-360,132718
train-clean-360,281132
train-clean-360,281131
train-clean-360,138631
train-clean-360,138656
train-clean-360,296395
train-clean-360,284428
train-clean-360,271826
train-clean-360,29012
train-clean-360,292604
train-clean-360,76574
train-clean-360,67147
train-clean-360,91098
train-clean-360,87508
train-clean-360,57667
train-clean-360,174953
train-clean-360,174960
train-clean-360,163380
train-clean-360,149890
train-clean-360,163381
train-clean-360,124595
train-clean-360,293663
train-clean-360,157263
train-clean-360,133442
train-clean-360,82458
train-clean-360,17942
train-clean-360,25563
train-clean-360,105405
train-clean-360,104491
train-clean-360,70919
train-clean-360,224746
train-clean-360,64717
train-clean-360,11512
train-clean-360,156757
train-clean-360,149798
train-clean-360,31668
train-clean-360,83616
train-clean-360,4158
train-clean-360,274558
train-clean-360,3961
train-clean-360,130493
train-clean-360,130494
train-clean-360,130495
train-clean-360,121541
train-clean-360,121080
train-clean-360,121079
train-clean-360,39501
train-clean-360,91905
train-clean-360,91906
train-clean-360,91902
train-clean-360,137483
train-clean-360,134636
train-clean-360,149245
train-clean-360,150715
train-clean-360,86039
train-clean-360,86588
train-clean-360,161217
train-clean-360,86040
train-clean-360,26872
train-clean-360,22178
train-clean-360,22179
train-clean-360,142750
train-clean-360,142745
train-clean-360,86777
train-clean-360,85685
train-clean-360,32136
train-clean-360,32137
train-clean-360,32135
train-clean-360,131256
train-clean-360,131276
train-clean-360,131259
train-clean-360,271811
train-clean-360,271817
train-clean-360,271812
train-clean-360,262305
train-clean-360,262291
train-clean-360,276907
train-clean-360,280250
train-clean-360,276908
train-clean-360,26685
train-clean-360,39475
train-clean-360,122876
train-clean-360,123197
train-clean-360,122863
train-clean-360,118112
train-clean-360,76055
train-clean-360,233342
train-clean-360,58025
train-clean-360,58012
train-clean-360,123163
train-clean-360,128310
train-clean-360,128331
train-clean-360,167022
train-clean-360,163518
train-clean-360,167023
train-clean-360,164101
train-clean-360,164100
train-clean-360,103126
train-clean-360,127579
train-clean-360,127595
train-clean-360,127597
train-clean-360,47030
train-clean-360,47032
train-clean-360,19209
train-clean-360,19208
train-clean-360,39840
train-clean-360,186230
train-clean-360,77173
train-clean-360,56222
train-clean-360,58192
train-clean-360,75360
train-clean-360,75362
train-clean-360,88748
train-clean-360,19371
train-clean-360,19373
train-clean-360,145138
train-clean-360,145145
train-clean-360,234100
train-clean-360,234106
train-clean-360,234067
train-clean-360,39910
train-clean-360,97593
train-clean-360,97610
train-clean-360,41911
train-clean-360,4861
train-clean-360,61323
train-clean-360,232057
train-clean-360,126286
train-clean-360,123025
train-clean-360,123033
train-clean-360,13248
train-clean-360,13250
train-clean-360,130127
train-clean-360,13247
train-clean-360,300208
train-clean-360,63885
train-clean-360,300225
train-clean-360,121907
train-clean-360,126796
train-clean-360,121899
train-clean-360,9010
train-clean-360,84357
train-clean-360,64075
train-clean-360,42637
train-clean-360,131295
train-clean-360,131296
train-clean-360,131294
train-clean-360,157480
train-clean-360,157242
train-clean-360,116804
train-clean-360,116805
train-clean-360,131722
train-clean-360,129324
train-clean-360,129317
train-clean-360,140639
train-clean-360,137004
train-clean-360,129388
train-clean-360,291953
train-clean-360,296078
train-clean-360,246948
train-clean-360,39967
train-clean-360,134170
train-clean-360,134176
train-clean-360,134825
train-clean-360,134830
train-clean-360,134804
train-clean-360,169619
train-clean-360,176263
train-clean-360,176256
train-clean-360,128036
train-clean-360,124554
train-clean-360,126600
train-clean-360,126851
train-clean-360,76974
train-clean-360,73712
train-clean-360,76973
train-clean-360,107483
train-clean-360,8592
train-clean-360,140067
train-clean-360,140071
train-clean-360,140072
train-clean-360,135022
train-clean-360,135020
train-clean-360,136054
train-clean-360,70837
train-clean-360,40556
train-clean-360,7943
train-clean-360,7944
train-clean-360,68192
train-clean-360,39648
train-clean-360,68188
train-clean-360,133834
train-clean-360,141174
train-clean-360,129594
train-clean-360,129596
train-clean-360,129597
train-clean-360,12971
train-clean-360,126539
train-clean-360,129974
train-clean-360,1189
train-clean-360,1188
train-clean-360,165428
train-clean-360,74798
train-clean-360,74797
train-clean-360,161102
train-clean-360,161100
train-clean-360,161101
train-clean-360,152224
train-clean-360,142358
train-clean-360,146197
train-clean-360,88007
train-clean-360,83633
train-clean-360,149939
train-clean-360,26982
train-clean-360,26987
train-clean-360,26956
train-clean-360,107621
train-clean-360,287837
train-clean-360,111961
train-clean-360,129587
train-clean-360,123036
train-clean-360,127696
train-clean-360,41166
train-clean-360,41170
train-clean-360,295756
train-clean-360,295759
train-clean-360,295761
train-clean-360,66016
train-clean-360,62850
train-clean-360,62851
train-clean-360,89880
train-clean-360,89882
train-clean-360,38660
train-clean-360,73728
train-clean-360,73729
train-clean-360,161226
train-clean-360,160958
train-clean-360,134792
train-clean-360,171133
train-clean-360,171134
train-clean-360,7894
train-clean-360,7884
train-clean-360,7887
train-clean-360,294114
train-clean-360,294113
train-clean-360,294120
train-clean-360,127936
train-clean-360,119253
train-clean-360,130876
train-clean-360,270777
train-clean-360,295710
train-clean-360,146770
train-clean-360,14358
train-clean-360,174511
train-clean-360,124439
train-clean-360,149880
train-clean-360,149881
train-clean-360,182389
train-clean-360,182402
train-clean-360,182394
train-clean-360,129443
train-clean-360,135580
train-clean-360,73846
train-clean-360,73847
train-clean-360,73848
train-clean-360,73073
train-clean-360,73075
train-clean-360,134728
train-clean-360,129808
train-clean-360,136983
train-clean-360,139355
train-clean-360,139356
train-clean-360,139358
train-clean-360,92930
train-clean-360,92935
train-clean-360,170452
train-clean-360,170453
train-clean-360,100431
train-clean-360,220980
train-clean-360,220979
train-clean-360,48848
train-clean-360,48842
train-clean-360,123215
train-clean-360,121671
train-clean-360,121727
train-clean-360,123216
train-clean-360,284435
train-clean-360,284433
train-clean-360,284434
train-clean-360,138042
train-clean-360,139752
train-clean-360,139753
train-clean-360,139743
train-clean-360,105002
train-clean-360,158816
train-clean-360,107247
train-clean-360,141819
train-clean-360,130728
train-clean-360,130727
train-clean-360,3967
train-clean-360,276732
train-clean-360,110520
train-clean-360,3966
train-clean-360,252342
train-clean-360,102612
train-clean-360,252341
train-clean-360,128136
train-clean-360,128138
train-clean-360,1043
train-clean-360,140222
train-clean-360,140221
train-clean-360,133227
train-clean-360,128660
train-clean-360,129790
train-clean-360,35921
train-clean-360,35926
train-clean-360,137739
train-clean-360,148993
train-clean-360,7793
train-clean-360,67863
train-clean-360,231862
train-clean-360,71420
train-clean-360,67857
train-clean-360,67851
train-clean-360,67858
train-clean-360,294554
train-clean-360,294551
train-clean-360,8927
train-clean-360,14960
train-clean-360,14958
train-clean-360,62347
train-clean-360,68888
train-clean-360,65554
train-clean-360,65534
train-clean-360,156155
train-clean-360,156153
train-clean-360,156154
train-clean-360,141571
train-clean-360,16802
train-clean-360,158074
train-clean-360,46889
train-clean-360,123882
train-clean-360,157088
train-clean-360,159056
train-clean-360,13185
train-clean-360,12539
train-clean-360,14274
train-clean-360,290901
train-clean-360,290047
train-clean-360,114256
train-clean-360,259009
train-clean-360,9914
train-clean-360,130125
train-clean-360,9915
train-clean-360,98645
train-clean-360,98644
train-clean-360,11077
train-clean-360,39515
train-clean-360,39508
train-clean-360,102526
train-clean-360,121543
train-clean-360,131218
train-clean-360,130994
train-clean-360,121741
train-clean-360,131220
train-clean-360,46243
train-clean-360,46240
train-clean-360,134707
train-clean-360,134708
train-clean-360,36641
train-clean-360,104978
train-clean-360,104979
train-clean-360,12545
train-clean-360,12544
train-clean-360,131890
train-clean-360,131887
train-clean-360,131882
train-clean-360,131899
train-clean-360,123866
train-clean-360,122809
train-clean-360,122810
train-clean-360,99122
train-clean-360,99156
train-clean-360,99124
train-clean-360,99157
train-clean-360,151817
train-clean-360,148312
train-clean-360,148962
train-clean-360,169291
train-clean-360,76046
train-clean-360,81870
train-clean-360,123135
train-clean-360,123133
train-clean-360,60800
train-clean-360,60774
train-clean-360,60801
train-clean-360,121528
train-clean-360,130878
train-clean-360,161714
train-clean-360,161707
train-clean-360,169656
train-clean-360,39971
train-clean-360,157644
train-clean-360,125123
train-clean-360,48362
train-clean-360,48361
train-clean-360,146437
train-clean-360,157400
train-clean-360,138032
train-clean-360,136483
train-clean-360,135249
train-clean-360,141613
train-clean-360,160602
train-clean-360,27593
train-clean-360,163935
train-clean-360,10328
train-clean-360,10327
train-clean-360,699
train-clean-360,700
train-clean-360,83606
train-clean-360,83607
train-clean-360,60480
train-clean-360,60489
train-clean-360,57831
train-clean-360,25765
train-clean-360,25766
train-clean-360,176683
train-clean-360,164927
train-clean-360,176682
train-clean-360,176680
train-clean-360,128670
train-clean-360,128677
train-clean-360,128678
train-clean-360,128669
train-clean-360,78885
train-clean-360,73024
train-clean-360,122614
train-clean-360,130533
train-clean-360,130489
train-clean-360,130532
train-clean-360,10172
train-clean-360,10642
train-clean-360,125084
train-clean-360,122467
train-clean-360,6525
train-clean-360,6524
train-clean-360,157057
train-clean-360,157054
train-clean-360,157056
train-clean-360,157066
train-clean-360,126861
train-clean-360,126859
train-clean-360,126860
train-clean-360,363
train-clean-360,362
train-clean-360,291374
train-clean-360,291379
train-clean-360,291381
train-clean-360,291384
train-clean-360,11546
train-clean-360,11547
train-clean-360,123167
train-clean-360,128345
train-clean-360,128344
train-clean-360,101283
train-clean-360,105394
train-clean-360,54659
train-clean-360,66166
train-clean-360,55088
train-clean-360,86026
train-clean-360,92934
train-clean-360,143307
train-clean-360,139350
train-clean-360,54487
train-clean-360,66176
train-clean-360,66184
train-clean-360,66185
train-clean-360,53342
train-clean-360,133211
train-clean-360,133212
train-clean-360,133217
train-clean-360,137106
train-clean-360,133273
train-clean-360,127685
train-clean-360,139612
train-clean-360,57154
train-clean-360,57156
train-clean-360,132864
train-clean-360,132866
train-clean-360,132882
train-clean-360,138047
train-clean-360,12731
train-clean-360,156738
train-clean-360,163597
train-clean-360,245687
train-clean-360,134120
train-clean-360,134119
train-clean-360,134121
train-clean-360,132537
train-clean-360,132568
train-clean-360,130588
train-clean-360,84010
train-clean-360,124221
train-clean-360,123715
train-clean-360,129011
train-clean-360,72876
train-clean-360,70998
train-clean-360,30106
train-clean-360,61422
train-clean-360,30105
train-clean-360,30593
train-clean-360,31091
train-clean-360,80197
train-clean-360,282386
train-clean-360,282385
train-clean-360,129623
train-clean-360,135221
train-clean-360,133447
train-clean-360,41614
train-clean-360,41610
train-clean-360,152842
train-clean-360,152864
train-clean-360,275885
train-clean-360,92812
train-clean-360,23281
train-clean-360,23311
train-clean-360,158081
train-clean-360,138045
train-clean-360,9174
train-clean-360,282412
train-clean-360,258283
train-clean-360,112061
train-clean-360,112057
train-clean-360,112056
train-clean-360,112058
train-clean-360,126794
train-clean-360,126832
train-clean-360,105179
train-clean-360,105171
train-clean-360,177627
train-clean-360,177641
train-clean-360,177638
train-clean-360,24516
train-clean-360,24515
train-clean-360,44575
train-clean-360,24514
train-clean-360,111574
train-clean-360,96241
train-clean-360,92420
train-clean-360,1562
train-clean-360,1560
train-clean-360,285896
train-clean-360,302000
train-clean-360,117382
train-clean-360,134451
train-clean-360,54006
train-clean-360,281188
train-clean-360,281187
train-clean-360,160949
train-clean-360,160964
train-clean-360,160953
train-clean-360,123059
train-clean-360,127537
train-clean-360,127538
train-clean-360,9919
train-clean-360,9920
train-clean-360,173230
train-clean-360,70843
train-clean-360,121068
train-clean-360,121069
train-clean-360,138113
train-clean-360,138115
train-clean-360,82904
train-clean-360,107627
train-clean-360,104637
train-clean-360,145742
train-clean-360,145699
train-clean-360,143477
train-clean-360,74477
train-clean-360,178748
train-clean-360,139707
train-clean-360,139710
train-clean-360,108638
train-clean-360,129393
train-clean-360,254918
train-clean-360,73961
train-clean-360,162129
train-clean-360,156474
train-clean-360,162130
train-clean-360,178449
train-clean-360,178450
train-clean-360,186232
train-clean-360,5083
train-clean-360,5097
train-clean-360,37092
train-clean-360,126408
train-clean-360,174132
train-clean-360,119637
train-clean-360,115968
train-clean-360,366
train-clean-360,365
train-clean-360,233366
train-clean-360,233382
train-clean-360,11612
train-clean-360,24758
train-clean-360,154282
train-clean-360,154284
train-clean-360,163322
train-clean-360,142744
train-clean-360,139035
train-clean-360,14936
train-clean-360,11049
train-clean-360,126737
train-clean-360,127518
train-clean-360,142858
train-clean-360,144021
train-clean-360,144019
train-clean-360,176270
train-clean-360,65803
train-clean-360,10988
train-clean-360,53638
train-clean-360,2301
train-clean-360,39970
train-clean-360,58868
train-clean-360,58869
train-clean-360,172156
train-clean-360,170956
train-clean-360,129581
train-clean-360,129582
train-clean-360,129583
train-clean-360,181420
train-clean-360,153309
train-clean-360,174992
train-clean-360,102381
train-clean-360,102240
train-clean-360,102232
train-clean-360,141242
train-clean-360,141240
train-clean-360,117866
train-clean-360,111754
train-clean-360,291458
train-clean-360,280922
train-clean-360,275212
train-clean-360,278289
train-clean-360,163527
train-clean-360,163519
train-clean-360,110054
train-clean-360,245691
train-clean-360,110056
train-clean-360,278228
train-clean-360,93470
train-clean-360,73296
train-clean-360,68773
train-clean-360,73295
train-clean-360,72927
train-clean-360,137770
train-clean-360,27120
train-clean-360,84349
train-clean-360,86708
train-clean-360,87997
train-clean-360,275147
train-clean-360,109658
train-clean-360,166423
train-clean-360,166421
train-clean-360,166420
train-clean-360,7591
train-clean-360,175962
train-clean-360,12715
train-clean-360,115687
train-clean-360,115686
train-clean-360,126945
train-clean-360,126947
train-clean-360,24732
train-clean-360,24731
train-clean-360,104717
train-clean-360,184266
train-clean-360,184264
train-clean-360,184265
train-clean-360,6175
train-clean-360,64298
train-clean-360,64300
train-clean-360,56777
train-clean-360,56778
train-clean-360,12723
train-clean-360,21393
train-clean-360,39477
train-clean-360,39476
train-clean-360,170212
train-clean-360,5791
train-clean-360,185074
train-clean-360,134657
train-clean-360,162667
train-clean-360,138545
train-clean-360,134660
train-clean-360,101265
train-clean-360,92915
train-clean-360,140725
train-clean-360,39761
train-clean-360,138548
train-clean-360,149236
train-clean-360,138617
train-clean-360,82020
train-clean-360,120330
train-clean-360,120325
train-clean-360,120318
train-clean-360,127703
train-clean-360,127704
train-clean-360,124368
train-clean-360,126208
train-clean-360,124558
train-clean-360,124557
train-clean-360,126209
train-clean-360,123172
train-clean-360,167609
train-clean-360,167597
train-clean-360,101258
train-clean-360,101799
train-clean-360,101262
train-clean-360,68353
train-clean-360,68369
train-clean-360,126955
train-clean-360,126957
train-clean-360,6506
train-clean-360,6498
train-clean-360,187464
train-clean-360,187466
train-clean-360,216564
train-clean-360,216567
train-clean-360,231834
train-clean-360,69411
train-clean-360,69412
train-clean-360,157243
train-clean-360,176853
train-clean-360,176854
train-clean-360,216570
train-clean-360,64713
train-clean-360,292253
train-clean-360,292252
train-clean-360,696
train-clean-360,758
train-clean-360,296467
train-clean-360,296468
train-clean-360,278217
train-clean-360,278220
train-clean-360,92805
train-clean-360,96175
train-clean-360,92806
train-clean-360,138488
train-clean-360,137608
train-clean-360,141791
train-clean-360,131732
train-clean-360,37090
train-clean-360,64290
train-clean-360,64292
train-clean-360,64291
train-clean-360,220951
train-clean-360,220952
train-clean-360,398
train-clean-360,397
train-clean-360,40544
train-clean-360,57416
train-clean-360,40571
train-clean-360,78193
train-clean-360,127525
train-clean-360,126292
train-clean-360,123176
train-clean-360,126336
train-clean-360,87766
train-clean-360,87791
train-clean-360,89388
train-clean-360,89390
train-clean-360,56574
train-clean-360,59288
train-clean-360,37999
train-clean-360,142363
train-clean-360,142362
train-clean-360,125128
train-clean-360,125127
train-clean-360,67592
train-clean-360,67584
train-clean-360,77361
train-clean-360,79973
train-clean-360,126233
train-clean-360,126232
train-clean-360,147627
train-clean-360,88761
train-clean-360,165387
train-clean-360,59175
train-clean-360,59167
train-clean-360,141209
train-clean-360,141208
train-clean-360,108621
train-clean-360,108620
train-clean-360,134420
train-clean-360,134425
train-clean-360,132530
train-clean-360,132532
train-clean-360,90852
train-clean-360,90850
train-clean-360,135762
train-clean-360,185466
train-clean-360,185457
train-clean-360,87547
train-clean-360,115047
train-clean-360,115046
train-clean-360,41151
train-clean-360,34501
train-clean-360,8157
train-clean-360,8140
train-clean-360,8141
train-clean-360,58433
train-clean-360,58776
train-clean-360,58778
train-clean-360,11528
train-clean-360,11535
train-clean-360,11533
train-clean-360,130225
train-clean-360,130226
train-clean-360,130229
train-clean-360,130227
train-clean-360,171139
train-clean-360,171138
train-clean-360,171137
train-clean-360,75791
train-clean-360,88363
train-clean-360,88367
train-clean-360,290351
train-clean-360,290350
train-clean-360,290349
train-clean-360,12895
train-clean-360,12538
train-clean-360,184448
train-clean-360,184447
train-clean-360,28375
train-clean-360,28380
train-clean-360,164328
train-clean-360,164327
train-clean-360,158744
train-clean-360,130569
train-clean-360,130105
train-clean-360,134149
train-clean-360,183988
train-clean-360,270778
train-clean-360,29091
train-clean-360,29090
train-clean-360,29092
train-clean-360,110061
train-clean-360,62558
train-clean-360,62516
train-clean-360,6397
train-clean-360,64956
train-clean-360,258250
train-clean-360,114468
train-clean-360,32856
train-clean-360,32904
train-clean-360,32886
train-clean-360,143893
train-clean-360,44577
train-clean-360,44576
train-clean-360,26853
train-clean-360,26852
train-clean-360,80189
train-clean-360,6171
train-clean-360,61777
train-clean-360,61781
train-clean-360,61780
train-clean-360,84121
train-clean-360,84122
train-clean-360,723
train-clean-360,715
train-clean-360,76043
train-clean-360,76044
train-clean-360,66347
train-clean-360,26894
train-clean-360,26895
train-clean-360,163612
train-clean-360,122827
train-clean-360,122828
train-clean-360,166433
train-clean-360,5341
train-clean-360,171108
train-clean-360,171107
train-clean-360,171109
train-clean-360,862
train-clean-360,861
train-clean-360,160593
train-clean-360,160592
train-clean-360,144999
train-clean-360,105673
train-clean-360,80534
train-clean-360,294690
train-clean-360,135659
train-clean-360,128226
train-clean-360,135654
train-clean-360,128240
train-clean-360,140654
train-clean-360,101579
train-clean-360,101578
train-clean-360,101580
train-clean-360,121446
train-clean-360,121449
train-clean-360,133440
train-clean-360,126302
train-clean-360,122789
train-clean-360,352
train-clean-360,107487
train-clean-360,107486
train-clean-360,139200
train-clean-360,146346
train-clean-360,109185
train-clean-360,109176
train-clean-360,98877
train-clean-360,98880
train-clean-360,98876
train-clean-360,98878
train-clean-360,121891
train-clean-360,135897
train-clean-360,121902
train-clean-360,149033
train-clean-360,159371
train-clean-360,147193
train-clean-360,58845
train-clean-360,58843
train-clean-360,121130
train-clean-360,121127
train-clean-360,73958
train-clean-360,73957
train-clean-360,135229
train-clean-360,135227
train-clean-360,130530
train-clean-360,130486
train-clean-360,130529
train-clean-360,130517
train-clean-360,94522
train-clean-360,94523
train-clean-360,94526
train-clean-360,159386
train-clean-360,110243
train-clean-360,104986
train-clean-360,117095
train-clean-360,5416
train-clean-360,5417
train-clean-360,57179
train-clean-360,88349
train-clean-360,57180
train-clean-360,44937
train-clean-360,20034
train-clean-360,155968
train-clean-360,129440
train-clean-360,89894
train-clean-360,64708
train-clean-360,21305
train-clean-360,131113
train-clean-360,133263
train-clean-360,112011
train-clean-360,112012
train-clean-360,30591
train-clean-360,80690
train-clean-360,8912
train-clean-360,36146
train-clean-360,7239
train-clean-360,7235
train-clean-360,162238
train-clean-360,162239
train-clean-360,162253
train-clean-360,123500
train-clean-360,123507
train-clean-360,123506
train-clean-360,143948
train-clean-360,2536
train-clean-360,143946
train-clean-360,286306
train-clean-360,32451
train-clean-360,126965
train-clean-360,121331
train-clean-360,296159
train-clean-360,300047
train-clean-360,302111
train-clean-360,137614
train-clean-360,121103
train-clean-360,121106
train-clean-360,13056
train-clean-360,277898
train-clean-360,277899
train-clean-360,291718
train-clean-360,121085
train-clean-360,130566
train-clean-360,5757
train-clean-360,5764
train-clean-360,5758
train-clean-360,15082
train-clean-360,15081
train-clean-360,121766
train-clean-360,121760
train-clean-360,122801
train-clean-360,143321
train-clean-360,131203
train-clean-360,11734
train-clean-360,182396
train-clean-360,110742
train-clean-360,275218
train-clean-360,110528
train-clean-360,106965
train-clean-360,106969
train-clean-360,106974
train-clean-360,279153
train-clean-360,70753
train-clean-360,70756
train-clean-360,120583
train-clean-360,143485
train-clean-360,143484
train-clean-360,143483
train-clean-360,72200
train-clean-360,72207
train-clean-360,5704
train-clean-360,5703
train-clean-360,4654
train-clean-360,4662
train-clean-360,224
train-clean-360,122825
train-clean-360,279775
train-clean-360,132499
train-clean-360,46588
train-clean-360,1070
train-clean-360,15446
train-clean-360,122806
train-clean-360,63713
train-clean-360,282357
train-clean-360,282383
train-clean-360,129396
train-clean-360,157858
train-clean-360,157857
train-clean-360,155520
train-clean-360,29120
train-clean-360,34572
train-clean-360,240992
train-clean-360,120280
train-clean-360,120281
train-clean-360,120277
train-clean-360,120282
train-clean-360,10673
train-clean-360,156963
train-clean-360,10674
train-clean-360,156230
train-clean-360,156224
train-clean-360,294697
train-clean-360,294700
train-clean-360,258978
train-clean-360,258970
train-clean-360,282934
train-clean-360,67200
train-clean-360,67233
train-clean-360,279849
train-clean-360,279856
train-clean-360,279852
train-clean-360,101278
train-clean-360,101289
train-clean-360,108066
train-clean-360,92202
train-clean-360,92200
train-clean-360,121415
train-clean-360,121413
train-clean-360,104888
train-clean-360,104890
train-clean-360,104886
train-clean-360,169293
train-clean-360,170982
train-clean-360,133393
train-clean-360,133395
train-clean-360,10702
train-clean-360,10701
train-clean-360,14013
train-clean-360,34497
train-clean-360,104606
train-clean-360,106366
train-clean-360,106367
train-clean-360,291608
train-clean-360,114452
train-clean-360,291609
train-clean-360,121024
train-clean-360,43321
train-clean-360,131704
train-clean-360,134592
train-clean-360,109174
train-clean-360,109173
train-clean-360,136458
train-clean-360,281472
train-clean-360,281471
train-clean-360,48032
train-clean-360,89735
train-clean-360,81859
train-clean-360,81843
train-clean-360,81858
train-clean-360,175448
train-clean-360,170440
train-clean-360,170438
train-clean-360,199
train-clean-360,121658
train-clean-360,231838
train-clean-360,231836
train-clean-360,231837
train-clean-360,84447
train-clean-360,84448
train-clean-360,61316
train-clean-360,130871
train-clean-360,130870
train-clean-360,65772
train-clean-360,153958
train-clean-360,109663
train-clean-360,153964
train-clean-360,130975
train-clean-360,130977
train-clean-360,130974
train-clean-360,16632
train-clean-360,18005
train-clean-360,18006
train-clean-360,18004
train-clean-360,274378
train-clean-360,274380
train-clean-360,274379
train-clean-360,293959
train-clean-360,9342
train-clean-360,9321
train-clean-360,175390
train-clean-360,12118
train-clean-360,19132
train-clean-360,77779
train-clean-360,131004
train-clean-360,131003
train-clean-360,155521
train-clean-360,157861
train-clean-360,157859
train-clean-360,145733
train-clean-360,149738
train-clean-360,149739
train-clean-360,166683
train-clean-360,163726
train-clean-360,668
train-clean-360,681
train-clean-360,26553
train-clean-360,26520
train-clean-360,3586
train-clean-360,28868
train-clean-360,258960
train-clean-360,258959
train-clean-360,168497
train-clean-360,168500
train-clean-360,136280
train-clean-360,136271
train-clean-360,4479
train-clean-360,103481
train-clean-360,5330
train-clean-360,282391
train-clean-360,73973
train-clean-360,73972
train-clean-360,72212
train-clean-360,72205
train-clean-360,72210
train-clean-360,216563
train-clean-360,39481
train-clean-360,39478
train-clean-360,122544
train-clean-360,122545
train-clean-360,19376
train-clean-360,137154
train-clean-360,137141
train-clean-360,16002
train-clean-360,16003
train-clean-360,16020
train-clean-360,50776
train-clean-360,50777
train-clean-360,50778
train-clean-360,157236
train-clean-360,126739
train-clean-360,144485
train-clean-360,107479
train-clean-360,107480
train-clean-360,134717
train-clean-360,126480
train-clean-360,164188
train-clean-360,164187
train-clean-360,75355
train-clean-360,69422
train-clean-360,141148
train-clean-360,46268
train-clean-360,46267
train-clean-360,137618
train-clean-360,142896
train-clean-360,166436
train-clean-360,168638
train-clean-360,168626
train-clean-360,132710
train-clean-360,132705
train-clean-360,132707
train-clean-360,128309
train-clean-360,133424
train-clean-360,142733
train-clean-360,161166
train-clean-360,138866
train-clean-360,244443
train-clean-360,244431
train-clean-360,2777
train-clean-360,2772
train-clean-360,12546
train-clean-360,17615
train-clean-360,46712
train-clean-360,12332
train-clean-360,276735
train-clean-360,276749
train-clean-360,96498
train-clean-360,19665
train-clean-360,61776
train-clean-360,61758
train-clean-360,126842
train-clean-360,122625
train-clean-360,122626
train-clean-360,122627
train-clean-360,123998
train-clean-360,124002
train-clean-360,124003
train-clean-360,293987
train-clean-360,155972
train-clean-360,155973
train-clean-360,95969
train-clean-360,95963
train-clean-360,95959
train-clean-360,176660
train-clean-360,395
train-clean-360,284445
train-clean-360,284444
train-clean-360,11258
train-clean-360,19585
train-clean-360,290923
train-clean-360,14653
train-clean-360,75242
train-clean-360,185485
train-clean-360,138290
train-clean-360,138289
train-clean-360,34483
train-clean-360,36956
train-clean-360,27504
train-clean-360,30101
train-clean-360,5084
train-clean-360,56174
train-clean-360,56175
train-clean-360,287359
train-clean-360,287358
train-clean-360,287357
train-clean-360,6174
train-clean-360,26559
train-clean-360,26558
train-clean-360,135832
train-clean-360,135826
train-clean-360,58090
train-clean-360,106611
train-clean-360,160187
train-clean-360,145703
train-clean-360,145701
train-clean-360,145700
train-clean-360,178149
train-clean-360,21498
train-clean-360,21493
train-clean-360,135636
train-clean-360,135635
train-clean-360,130560
train-clean-360,130101
train-clean-360,130103
train-clean-360,283228
train-clean-360,283242
train-clean-360,302395
train-clean-360,157636
train-clean-360,86804
train-clean-360,86765
train-clean-360,61421
train-clean-360,94876
train-clean-360,100145
train-clean-360,49755
train-clean-360,141135
train-clean-360,140651
train-clean-360,140656
train-clean-360,131228
train-clean-360,131226
train-clean-360,147967
train-clean-360,147173
train-clean-360,147981
train-clean-360,284424
train-clean-360,92427
train-clean-360,90847
train-clean-360,279239
train-clean-360,279229
train-clean-360,279233
train-clean-360,9210
train-clean-360,72311
train-clean-360,68358
train-clean-360,68359
train-clean-360,43296
train-clean-360,43306
train-clean-360,49750
train-clean-360,155151
train-clean-360,155152
train-clean-360,121398
train-clean-360,121382
train-clean-360,121392
train-clean-360,129325
train-clean-360,125118
train-clean-360,86679
train-clean-360,85684
train-clean-360,287671
train-clean-360,273050
train-clean-360,92814
train-clean-360,92820
train-clean-360,75365
train-clean-360,135892
train-clean-360,135891
train-clean-360,141721
train-clean-360,129659
train-clean-360,142727
train-clean-360,756
train-clean-360,163384
train-clean-360,724
train-clean-360,101276
train-clean-360,287660
train-clean-360,287659
train-clean-360,293168
train-clean-360,105574
train-clean-360,109662
train-clean-360,110131
train-clean-360,32139
train-clean-360,31629
train-clean-360,154838
train-clean-360,163402
train-clean-360,157475
train-clean-360,282985
train-clean-360,258993
train-clean-360,258974
train-clean-360,129983
train-clean-360,129979
train-clean-360,129994
train-clean-360,130755
train-clean-360,135216
train-clean-360,135220
train-clean-360,295445
train-clean-360,295446
train-clean-360,295197
train-clean-360,19366
train-clean-360,31089
train-clean-360,80192
train-clean-360,31097
train-clean-360,138033
train-clean-360,132891
train-clean-360,87732
train-clean-360,86043
train-clean-360,86045
train-clean-360,304535
train-clean-360,304541
train-clean-360,304534
train-clean-360,138901
train-clean-360,138888
train-clean-360,86732
train-clean-360,86710
train-clean-360,298549
train-clean-360,269254
train-clean-360,91072
train-clean-360,107520
train-clean-360,107517
train-clean-360,91801
train-clean-360,254948
train-clean-360,254949
train-clean-360,132485
train-clean-360,132484
train-clean-360,66622
train-clean-360,126929
train-clean-360,126932
train-clean-360,126928
train-clean-360,8684
train-clean-360,4145
train-clean-360,28384
train-clean-360,132592
train-clean-360,132601
train-clean-360,127215
train-clean-360,6176
train-clean-360,2503
train-clean-360,14929
train-clean-360,187024
train-clean-360,187023
train-clean-360,101892
train-clean-360,101854
train-clean-360,101883
train-clean-360,101884
train-clean-360,86683
train-clean-360,82558
train-clean-360,134816
train-clean-360,134786
train-clean-360,134785
train-clean-360,133220
train-clean-360,157830
train-clean-360,4731
train-clean-360,4733
train-clean-360,136610
train-clean-360,130625
train-clean-360,141270
train-clean-360,141279
train-clean-360,141268
train-clean-360,139741
train-clean-360,139742
train-clean-360,4136
train-clean-360,156159
train-clean-360,12926
train-clean-360,5710
train-clean-360,29110
train-clean-360,890
train-clean-360,64974
train-clean-360,47237
train-clean-360,47239
train-clean-360,47238
train-clean-360,140718
train-clean-360,284269
train-clean-360,284268
train-clean-360,8675
train-clean-360,10347
train-clean-360,276730
train-clean-360,110238
train-clean-360,14904
train-clean-360,14897
train-clean-360,143625
train-clean-360,136863
train-clean-360,153728
train-clean-360,153733
train-clean-360,153731
train-clean-360,19214
train-clean-360,44586
train-clean-360,44585
train-clean-360,41172
train-clean-360,143005
train-clean-360,126410
train-clean-360,109180
train-clean-360,110127
train-clean-360,110128
train-clean-360,109179
train-clean-360,141320
train-clean-360,138486
train-clean-360,132782
train-clean-360,132800
train-clean-360,232691
train-clean-360,63841
train-clean-360,67218
train-clean-360,63839
train-clean-360,245708
train-clean-360,245707
train-clean-360,155948
train-clean-360,155949
train-clean-360,142824
train-clean-360,144965
train-clean-360,138063
train-clean-360,61741
train-clean-360,61743
train-clean-360,61742
train-clean-360,36633
train-clean-360,148529
train-clean-360,148521
train-clean-360,148522
train-clean-360,156981
train-clean-360,156977
train-clean-360,156973
train-clean-360,125883
train-clean-360,125882
train-clean-360,128632
train-clean-360,128633
train-clean-360,128631
train-clean-360,128636
train-clean-360,104394
train-clean-360,104391
train-clean-360,104398
train-clean-360,63105
train-clean-360,63111
train-clean-360,63101
train-clean-360,31609
train-clean-360,31603
train-clean-360,130627
train-clean-360,149735
train-clean-360,146111
train-clean-360,146123
train-clean-360,124990
train-clean-360,129064
train-clean-360,129066
train-clean-360,66464
train-clean-360,66470
train-clean-360,66465
train-clean-360,291172
train-clean-360,292138
train-clean-360,276939
train-clean-360,61317
train-clean-360,47541
train-clean-360,177234
train-clean-360,22581
train-clean-360,22574
train-clean-360,135657
train-clean-360,159227
train-clean-360,159228
train-clean-360,159230
train-clean-360,102250
train-clean-360,275127
train-clean-360,275128
train-clean-360,178030
train-clean-360,178028
train-clean-360,178029
train-clean-360,28462
train-clean-360,28465
train-clean-360,301694
train-clean-360,301693
train-clean-360,117384
train-clean-360,95441
train-clean-360,48830
train-clean-360,48831
train-clean-360,58193
train-clean-360,95875
train-clean-360,95870
train-clean-360,132280
train-clean-360,132272
train-clean-360,44912
train-clean-360,15305
train-clean-360,15307
train-clean-360,15304
train-clean-360,8689
train-clean-360,8674
train-clean-360,163505
train-clean-360,163507
train-clean-360,4445
train-clean-360,4447
train-clean-360,288043
train-clean-360,288044
train-clean-360,143262
train-clean-360,143264
train-clean-360,143271
train-clean-360,294523
train-clean-360,7574
train-clean-360,68344
train-clean-360,12085
train-clean-360,11254
train-clean-360,183239
train-clean-360,130553
train-clean-360,130544
train-clean-360,130545
train-clean-360,136846
train-clean-360,139733
train-clean-360,130093
train-clean-360,123602
train-clean-360,6398
train-clean-360,208
train-clean-360,212
train-clean-360,133239
train-clean-360,134789
train-clean-360,127694
train-clean-360,172165
train-clean-360,149791
train-clean-360,29108
train-clean-360,101836
train-clean-360,28247
train-clean-360,232690
train-clean-360,170976
train-clean-360,170977
train-clean-360,131748
train-clean-360,155944
train-clean-360,131751
train-clean-360,131742
train-clean-360,139009
train-clean-360,285314
train-clean-360,142848
train-clean-360,139797
train-clean-360,18524
train-clean-360,130164
train-clean-360,37134
train-clean-360,135814
train-clean-360,18533
train-clean-360,10160
train-clean-360,12898
train-clean-360,187006
train-clean-360,187005
train-clean-360,230928
train-clean-360,69550
train-clean-360,67860
train-clean-360,53320
train-clean-360,65820
train-clean-360,53343
train-clean-360,123267
train-clean-360,123266
train-clean-360,123268
train-clean-360,7371
train-clean-360,151776
train-clean-360,160438
train-clean-360,291101
train-clean-360,122441
train-clean-360,122451
train-clean-360,106800
train-clean-360,41919
train-clean-360,41259
train-clean-360,38026
train-clean-360,11243
train-clean-360,11244
train-clean-360,117899
train-clean-360,99249
train-clean-360,96157
train-clean-360,96153
train-clean-360,147045
train-clean-360,121416
train-clean-360,1532
train-clean-360,1536
train-clean-360,1539
train-clean-360,156718
train-clean-360,156720
train-clean-360,156724
train-clean-360,147110
train-clean-360,54666
train-clean-360,54667
train-clean-360,136861
train-clean-360,133279
train-clean-360,128145
train-clean-360,80656
train-clean-360,80665
train-clean-360,144496
train-clean-360,147963
train-clean-360,150855
train-clean-360,150843
train-clean-360,123270
train-clean-360,122025
train-clean-360,123269
train-clean-360,123271
train-clean-360,116797
train-clean-360,274549
train-clean-360,132069
train-clean-360,126577
train-clean-360,132073
train-clean-360,7622
train-clean-360,14526
train-clean-360,132644
train-clean-360,132649
train-clean-360,132645
train-clean-360,132650
train-clean-360,135824
train-clean-360,176698
train-clean-360,132777
train-clean-360,5909
train-clean-360,5912
train-clean-360,5911
train-clean-360,103120
train-clean-360,258266
train-clean-360,10344
train-clean-360,123190
train-clean-360,123191
train-clean-360,123192
train-clean-360,147159
train-clean-360,144987
train-clean-360,144986
train-clean-360,68762
train-clean-360,5776
train-clean-360,150127
train-clean-360,46890
train-clean-360,138043
train-clean-360,121896
train-clean-360,122944
train-clean-360,121720
train-clean-360,139717
train-clean-360,139336
train-clean-360,134674
train-clean-360,139727
train-clean-360,139730
train-clean-360,127522
train-clean-360,127521
train-clean-360,123443
train-clean-360,126221
train-clean-360,126220
train-clean-360,144503
train-clean-360,87280
train-clean-360,137627
train-clean-360,137597
train-clean-360,137628
train-clean-360,121729
train-clean-360,121734
train-clean-360,121730
train-clean-360,129752
train-clean-360,135264
train-clean-360,124547
train-clean-360,8890
train-clean-360,9203
train-clean-360,173591
train-clean-360,171171
train-clean-360,291107
train-clean-360,258263
train-clean-360,258262
train-clean-360,279363
train-clean-360,258954
train-clean-360,258986
train-clean-360,10822
train-clean-360,10798
train-clean-360,10801
train-clean-360,96168
train-clean-360,96151
train-clean-360,71405
train-clean-360,69607
train-clean-360,139308
train-clean-360,139307
train-clean-360,132776
train-clean-360,12707
train-clean-360,185488
train-clean-360,142311
train-clean-360,128991
train-clean-360,128990
train-clean-360,112592
train-clean-360,112593
train-clean-360,143895
train-clean-360,130184
train-clean-360,127731
train-clean-360,128329
train-clean-360,127732
train-clean-360,154671
train-clean-360,154697
train-clean-360,154673
train-clean-360,154736
train-clean-360,156968
train-clean-360,156967
train-clean-360,4275
train-clean-360,158781
train-clean-360,139681
train-clean-360,158796
train-clean-360,185126
train-clean-360,185125
train-clean-360,130993
train-clean-360,130989
train-clean-360,134991
train-clean-360,114971
train-clean-360,108005
train-clean-360,282406
train-clean-360,63095
train-clean-360,56837
train-clean-360,56840
train-clean-360,168062
train-clean-360,119295
train-clean-360,68361
train-clean-360,122443
train-clean-360,14976
train-clean-360,56179
train-clean-360,130900
train-clean-360,131106
train-clean-360,68770
train-clean-360,64738
train-clean-360,113336
train-clean-360,110526
train-clean-360,110522
train-clean-360,4687
train-clean-360,4690
train-clean-360,4691
train-clean-360,139404
train-clean-360,139387
train-clean-360,139397
train-clean-360,88089
train-clean-360,89940
train-clean-360,147971
train-clean-360,147968
train-clean-360,147970
train-clean-360,55856
train-clean-360,109507
train-clean-360,144135
train-clean-360,131030
train-clean-360,131040
train-clean-360,283138
train-clean-360,142320
train-clean-360,287657
train-clean-360,293531
train-clean-360,293529
train-clean-360,75939
train-clean-360,96672
train-clean-360,102239
train-clean-360,102238
train-clean-360,108640
train-clean-360,105383
train-clean-360,290363
train-clean-360,290361
train-clean-360,135894
train-clean-360,123048
train-clean-360,123049
train-clean-360,123013
train-clean-360,123047
train-clean-360,121674
train-clean-360,122655
train-clean-360,121669
train-clean-360,152824
train-clean-360,152825
train-clean-360,152826
train-clean-360,152831
train-clean-360,105398
train-clean-360,105386
train-clean-360,134312
train-clean-360,133471
train-clean-360,290365
train-clean-360,126961
train-clean-360,126959
train-clean-360,45218
train-clean-360,45204
train-clean-360,45217
train-clean-360,32639
train-clean-360,32637
train-clean-360,32658
train-clean-360,160188
train-clean-360,134160
train-clean-360,134148
train-clean-360,81881
train-clean-360,91192
train-clean-360,101832
train-clean-360,39661
train-clean-360,39660
train-clean-360,23295
train-clean-360,30119
train-clean-360,36386
train-clean-360,147962
train-clean-360,145083
train-clean-360,145088
train-clean-360,86741
train-clean-360,289242
train-clean-360,132821
train-clean-360,132850
train-clean-360,48579
train-clean-360,125002
train-clean-360,124999
train-clean-360,124994
train-clean-360,125001
train-clean-360,12103
train-clean-360,20410
train-clean-360,88489
train-clean-360,88483
train-clean-360,88484
train-clean-360,137589
train-clean-360,137588
train-clean-360,246892
train-clean-360,246889
train-clean-360,246904
train-clean-360,246893
train-clean-360,10089
train-clean-360,10088
train-clean-360,274375
train-clean-360,274374
train-clean-360,274376
train-clean-360,142318
train-clean-360,39913
train-clean-360,176278
train-clean-360,39616
train-clean-360,39749
train-clean-360,48377
train-clean-360,29101
train-clean-360,26496
train-clean-360,134463
train-clean-360,134465
train-clean-360,125945
train-clean-360,125941
train-clean-360,125951
train-clean-360,125943
train-clean-360,123283
train-clean-360,123285
train-clean-360,123284
train-clean-360,59239
train-clean-360,59234
train-clean-360,75810
train-clean-360,2327
train-clean-360,75807
train-clean-360,104483
train-clean-360,92002
train-clean-360,121799
train-clean-360,124549
train-clean-360,124520
train-clean-360,139324
train-clean-360,141713
train-clean-360,140931
train-clean-360,139325
train-clean-360,121148
train-clean-360,121140
train-clean-360,170952
train-clean-360,170950
train-clean-360,170951
train-clean-360,143022
train-clean-360,124526
train-clean-360,130504
train-clean-360,130505
train-clean-360,130503
train-clean-360,292347
train-clean-360,292348
train-clean-360,285137
train-clean-360,285173
train-clean-360,1133
train-clean-360,1150
train-clean-360,130131
train-clean-360,73732
train-clean-360,71531
train-clean-360,71550
train-clean-360,20023
train-clean-360,41933
train-clean-360,12471
train-clean-360,20028
train-clean-360,152282
train-clean-360,152262
train-clean-360,150674
train-clean-360,152265
train-clean-360,152264
train-clean-360,152267
train-clean-360,113273
train-clean-360,113272
train-clean-360,112597
train-clean-360,296473
train-clean-360,121661
train-clean-360,127691
train-clean-360,130296
train-clean-360,181961
train-clean-360,164461
train-clean-360,185436
train-clean-360,129805
train-clean-360,135033
train-clean-360,64588
train-clean-360,140041
train-clean-360,140040
train-clean-360,121064
train-clean-360,148920
train-clean-360,287139
train-clean-360,162375
train-clean-360,105167
train-clean-360,105168
train-clean-360,18527
train-clean-360,1187
train-clean-360,283462
train-clean-360,160984
train-clean-360,160952
train-clean-360,34478
train-clean-360,34479
train-clean-360,3587
train-clean-360,126829
train-clean-360,126826
train-clean-360,14497
train-clean-360,187018
train-clean-360,13270
train-clean-360,13269
train-clean-360,3582
train-clean-360,13256
train-clean-360,13265
train-clean-360,141235
train-clean-360,141248
train-clean-360,150469
train-clean-360,14672
train-clean-360,14677
train-clean-360,14674
train-clean-360,138074
train-clean-360,134434
train-clean-360,26951
train-clean-360,26950
train-clean-360,26947
train-clean-360,93276
train-clean-360,93277
train-clean-360,77782
train-clean-360,11079
train-clean-360,54016
train-clean-360,54613
train-clean-360,285135
train-clean-360,280380
train-clean-360,6557
train-clean-360,6556
train-clean-360,124164
train-clean-360,124224
train-clean-360,48513
train-clean-360,48525
train-clean-360,52195
train-clean-360,147989
train-clean-360,147990
train-clean-360,143521
train-clean-360,262269
train-clean-360,112761
train-clean-360,156017
train-clean-360,156019
train-clean-360,156018
train-clean-360,156014
train-clean-360,156015
train-clean-360,43305
train-clean-360,43322
train-clean-360,55927
train-clean-360,129514
train-clean-360,129513
train-clean-360,121722
train-clean-360,129515
train-clean-360,300234
train-clean-360,300343
train-clean-360,7741
train-clean-360,163607
train-clean-360,163606
train-clean-360,168199
train-clean-360,168204
train-clean-360,167024
train-clean-360,168198
train-clean-360,142752
train-clean-360,139361
train-clean-360,51163
train-clean-360,58763
train-clean-360,51162
train-clean-360,150916
train-clean-360,150915
train-clean-360,128761
train-clean-360,133630
train-clean-360,13364
train-clean-360,142279
train-clean-360,77778
train-clean-360,94108
train-clean-360,101864
train-clean-360,165701
train-clean-360,143361
train-clean-360,89898
train-clean-360,165702
train-clean-360,133224
train-clean-360,133225
train-clean-360,105390
train-clean-360,112187
train-clean-360,109656
train-clean-360,139297
train-clean-360,139290
train-clean-360,139291
train-clean-360,133290
train-clean-360,132848
train-clean-360,44582
train-clean-360,58137
train-clean-360,53458
train-clean-360,114469
train-clean-360,114476
train-clean-360,268287
train-clean-100,142393
train-clean-100,147036
train-clean-100,142776
train-clean-100,54013
train-clean-100,54007
train-clean-100,274369
train-clean-100,274371
train-clean-100,141149
train-clean-100,121553
train-clean-100,123857
train-clean-100,123860
train-clean-100,286682
train-clean-100,286683
train-clean-100,286681
train-clean-100,274553
train-clean-100,283452
train-clean-100,139804
train-clean-100,141777
train-clean-100,138246
train-clean-100,293473
train-clean-100,286676
train-clean-100,286667
train-clean-100,293469
train-clean-100,134440
train-clean-100,155990
train-clean-100,120342
train-clean-100,107462
train-clean-100,93938
train-clean-100,495
train-clean-100,496
train-clean-100,7146
train-clean-100,274318
train-clean-100,280359
train-clean-100,280354
train-clean-100,121119
train-clean-100,152900
train-clean-100,103416
train-clean-100,107312
train-clean-100,107338
train-clean-100,139469
train-clean-100,25947
train-clean-100,122425
train-clean-100,122442
train-clean-100,121721
train-clean-100,47824
train-clean-100,124588
train-clean-100,15220
train-clean-100,158083
train-clean-100,100289
train-clean-100,35690
train-clean-100,178366
train-clean-100,178355
train-clean-100,11714
train-clean-100,122152
train-clean-100,122150
train-clean-100,122159
train-clean-100,63821
train-clean-100,285357
train-clean-100,216552
train-clean-100,138028
train-clean-100,138035
train-clean-100,152253
train-clean-100,152258
train-clean-100,152257
train-clean-100,152254
train-clean-100,34599
train-clean-100,34601
train-clean-100,34600
train-clean-100,270782
train-clean-100,14133
train-clean-100,14134
train-clean-100,19219
train-clean-100,19218
train-clean-100,145709
train-clean-100,145706
train-clean-100,131041
train-clean-100,131044
train-clean-100,131045
train-clean-100,86815
train-clean-100,86814
train-clean-100,368
train-clean-100,369
train-clean-100,135914
train-clean-100,283478
train-clean-100,283492
train-clean-100,283493
train-clean-100,129236
train-clean-100,134318
train-clean-100,134315
train-clean-100,121082
train-clean-100,287387
train-clean-100,291444
train-clean-100,292520
train-clean-100,246962
train-clean-100,62554
train-clean-100,62556
train-clean-100,34645
train-clean-100,34644
train-clean-100,19187
train-clean-100,19189
train-clean-100,19188
train-clean-100,305213
train-clean-100,305212
train-clean-100,139304
train-clean-100,135842
train-clean-100,135982
train-clean-100,29116
train-clean-100,149482
train-clean-100,130746
train-clean-100,130739
train-clean-100,121342
train-clean-100,121124
train-clean-100,26100
train-clean-100,10594
train-clean-100,28415
train-clean-100,1241
train-clean-100,1240
train-clean-100,48608
train-clean-100,54425
train-clean-100,28461
train-clean-100,20016
train-clean-100,145715
train-clean-100,145702
train-clean-100,145720
train-clean-100,145724
train-clean-100,172359
train-clean-100,172357
train-clean-100,15045
train-clean-100,15084
train-clean-100,7601
train-clean-100,12359
train-clean-100,287364
train-clean-100,287363
train-clean-100,57158
train-clean-100,57195
train-clean-100,70653
train-clean-100,7763
train-clean-100,59157
train-clean-100,82991
train-clean-100,408
train-clean-100,407
train-clean-100,410
train-clean-100,179154
train-clean-100,179157
train-clean-100,179156
train-clean-100,143879
train-clean-100,147987
train-clean-100,147979
train-clean-100,182317
train-clean-100,180923
train-clean-100,182315
train-clean-100,166446
train-clean-100,166424
train-clean-100,124404
train-clean-100,295948
train-clean-100,295955
train-clean-100,295947
train-clean-100,7678
train-clean-100,7680
train-clean-100,7679
train-clean-100,15668
train-clean-100,15666
train-clean-100,15678
train-clean-100,218
train-clean-100,219
train-clean-100,3185
train-clean-100,130697
train-clean-100,130652
train-clean-100,130644
train-clean-100,130880
train-clean-100,126290
train-clean-100,126305
train-clean-100,126294
train-clean-100,11691
train-clean-100,9960
train-clean-100,3054
train-clean-100,58161
train-clean-100,24741
train-clean-100,62014
train-clean-100,62043
train-clean-100,66172
train-clean-100,66173
train-clean-100,123516
train-clean-100,123523
train-clean-100,123504
train-clean-100,133433
train-clean-100,141719
train-clean-100,131096
train-clean-100,146161
train-clean-100,142396
train-clean-100,148989
train-clean-100,142397
train-clean-100,132847
train-clean-100,137572
train-clean-100,132851
train-clean-100,186175
train-clean-100,186183
train-clean-100,186176
train-clean-100,186179
train-clean-100,140049
train-clean-100,140045
train-clean-100,6379
train-clean-100,152918
train-clean-100,86686
train-clean-100,55211
train-clean-100,271888
train-clean-100,16026
train-clean-100,16041
train-clean-100,16042
train-clean-100,11217
train-clean-100,10927
train-clean-100,11218
train-clean-100,158079
train-clean-100,158077
train-clean-100,65536
train-clean-100,74004
train-clean-100,131533
train-clean-100,131532
train-clean-100,122538
train-clean-100,150130
train-clean-100,181173
train-clean-100,181183
train-clean-100,252322
train-clean-100,76049
train-clean-100,252323
train-clean-100,86041
train-clean-100,18515
train-clean-100,39921
train-clean-100,123349
train-clean-100,124992
train-clean-100,246956
train-clean-100,91083
train-clean-100,104730
train-clean-100,129977
train-clean-100,126831
train-clean-100,209
train-clean-100,132118
train-clean-100,132112
train-clean-100,9555
train-clean-100,9554
train-clean-100,139310
train-clean-100,139322
train-clean-100,126790
train-clean-100,126791
train-clean-100,123720
train-clean-100,123719
train-clean-100,77900
train-clean-100,88364
train-clean-100,77897
train-clean-100,274346
train-clean-100,274348
train-clean-100,274345
train-clean-100,133695
train-clean-100,149877
train-clean-100,132570
train-clean-100,124550
train-clean-100,135815
train-clean-100,124548
train-clean-100,358
train-clean-100,360
train-clean-100,359
train-clean-100,5147
train-clean-100,5143
train-clean-100,5140
train-clean-100,178459
train-clean-100,182255
train-clean-100,105409
train-clean-100,105661
train-clean-100,12531
train-clean-100,12535
train-clean-100,12530
train-clean-100,12529
train-clean-100,59171
train-clean-100,90848
train-clean-100,41997
train-clean-100,42010
train-clean-100,41998
train-clean-100,122821
train-clean-100,122819
train-clean-100,122822
train-clean-100,76262
train-clean-100,76250
train-clean-100,76263
train-clean-100,284756
train-clean-100,92939
train-clean-100,93314
train-clean-100,57446
train-clean-100,96661
train-clean-100,298546
train-clean-100,298545
train-clean-100,102419
train-clean-100,102420
train-clean-100,135589
train-clean-100,27670
train-clean-100,27671
train-clean-100,29413
train-clean-100,125237
train-clean-100,128618
train-clean-100,140047
train-clean-100,140048
train-clean-100,90543
train-clean-100,90542
train-clean-100,30102
train-clean-100,24512
train-clean-100,30096
train-clean-100,91186
train-clean-100,91187
train-clean-100,248638
train-clean-100,248641
train-clean-100,133709
train-clean-100,133699
train-clean-100,127540
train-clean-100,127539
train-clean-100,127535
train-clean-100,17506
train-clean-100,130551
train-clean-100,130552
train-clean-100,130550
train-clean-100,294887
train-clean-100,295198
train-clean-100,286673
train-clean-100,280382
train-clean-100,112586
train-clean-100,112602
train-clean-100,5354
train-clean-100,5355
train-clean-100,130894
train-clean-100,130895
train-clean-100,122947
train-clean-100,121908
train-clean-100,124139
train-clean-100,124140
train-clean-100,126784
train-clean-100,123501
train-clean-100,123502
train-clean-100,126975
train-clean-100,274117
train-clean-100,274115
train-clean-100,274116
train-clean-100,274112
train-clean-100,128684
train-clean-100,130578
train-clean-100,128988
train-clean-100,130108
train-clean-100,128982
train-clean-100,176653
train-clean-100,175658
train-clean-100,176651
train-clean-100,70191
train-clean-100,70171
train-clean-100,70168
train-clean-100,172162
train-clean-100,172171
train-clean-100,128985
train-clean-100,36619
train-clean-100,36617
train-clean-100,36616
train-clean-100,279791
train-clean-100,279790
train-clean-100,275193
train-clean-100,275209
train-clean-100,275216
train-clean-100,19396
train-clean-100,19397
train-clean-100,258958
train-clean-100,258964
train-clean-100,83618
train-clean-100,26870
train-clean-100,29340
train-clean-100,22176
train-clean-100,142380
train-clean-100,142371
train-clean-100,127786
train-clean-100,122255
train-clean-100,145458
train-clean-100,12312
train-clean-100,127705
train-clean-100,27760
train-clean-100,76048
train-clean-100,76047
train-clean-100,43301
train-clean-100,43303
train-clean-100,43302
train-clean-100,142276
train-clean-100,140277
train-clean-100,142286
train-clean-100,102518
train-clean-100,102521
train-clean-100,102519
train-clean-100,134435
train-clean-100,138263
train-clean-100,167602
train-clean-100,167606
train-clean-100,167607
train-clean-100,122619
train-clean-100,122615
train-clean-100,61803
train-clean-100,76549
train-clean-100,61804
train-clean-100,16882
train-clean-100,16883
train-clean-100,171009
train-clean-100,171006
train-clean-100,61334
train-clean-100,150351
train-clean-100,159771
train-clean-100,179183
train-clean-100,145015
train-clean-100,124566
train-clean-100,133255
train-clean-100,128659
train-clean-100,133256
train-clean-100,21631
train-clean-100,21625
train-clean-100,21634
train-clean-100,4137
train-clean-100,126855
train-clean-100,128339
train-clean-100,216
train-clean-100,41232
train-clean-100,15787
train-clean-100,17507
train-clean-100,186237
train-clean-100,186238
train-clean-100,186236
train-clean-100,283227
train-clean-100,262281
train-clean-100,15663
train-clean-100,2477
train-clean-100,2481
train-clean-100,2476
train-clean-100,13260
train-clean-100,13262
train-clean-100,121914
train-clean-100,121915
train-clean-100,121916
train-clean-100,13006
train-clean-100,13009
train-clean-100,274562
train-clean-100,56168
train-clean-100,56165
train-clean-100,300880
train-clean-100,142912
train-clean-100,142914
train-clean-100,142913
train-clean-100,111615
train-clean-100,100596
train-clean-100,116629
train-clean-100,287369
train-clean-100,72637
train-clean-100,78186
train-clean-100,39938
train-clean-100,19215
train-clean-100,86737
train-clean-100,174923
train-clean-100,173592
train-clean-100,294466
train-clean-100,94904
train-clean-100,91208
train-clean-100,19401
train-clean-100,175950
train-clean-100,47246
train-clean-100,19402
train-clean-100,33407
train-clean-100,33406
train-clean-100,17498
train-clean-100,17499
train-clean-100,227
train-clean-100,198
train-clean-100,12761
train-clean-100,54535
train-clean-100,80680
train-clean-100,25904
train-clean-100,25898
train-clean-100,8112
train-clean-100,67168
train-clean-100,67153
train-clean-100,129061
train-clean-100,129074
train-clean-100,222
train-clean-100,121026
train-clean-100,131232
train-clean-100,131231
train-clean-100,48852
train-clean-100,5331
train-clean-100,5371
train-clean-100,278278
train-clean-100,275181
train-clean-100,278252
train-clean-100,39947
train-clean-100,135884
train-clean-100,135883
train-clean-100,135887
train-clean-100,156755
train-clean-100,156750
train-clean-100,156745
train-clean-100,180298
train-clean-100,180299
train-clean-100,123290
train-clean-100,123291
train-clean-100,123289
train-clean-100,154825
train-clean-100,154826
train-clean-100,130898
train-clean-100,41615
train-clean-100,39621
train-clean-100,41616
train-clean-100,129766
train-clean-100,19192
train-clean-100,19193
train-clean-100,11599
train-clean-100,28452
train-clean-100,28433
train-clean-100,92316
train-clean-100,92310
train-clean-100,92314
train-clean-100,34606
train-clean-100,34607
train-clean-100,34605
train-clean-100,173565
train-clean-100,173564
train-clean-100,11550
train-clean-100,11549
train-clean-100,14187
train-clean-100,295465
train-clean-100,295462
train-clean-100,295463
train-clean-100,261140
train-clean-100,261139
train-clean-100,171631
train-clean-100,171115
train-clean-100,100437
train-clean-100,100442
train-clean-100,100429
train-clean-100,86964
train-clean-100,86965
train-clean-100,132655
train-clean-100,126107
train-clean-100,126112
train-clean-100,246947
train-clean-100,246943
train-clean-100,246940
train-clean-100,246942
train-clean-100,124146
train-clean-100,124147
train-clean-100,54108
train-clean-100,41611
train-clean-100,41619
train-clean-100,174172
train-clean-100,170151
train-clean-100,170379
train-clean-100,92432
train-clean-100,293952
train-clean-100,298025
train-clean-100,298026
train-clean-100,298032
train-clean-100,34669
train-clean-100,34655
train-clean-100,220959
train-clean-100,47198
train-clean-100,47212
train-clean-100,121652
train-clean-100,121665
train-clean-100,76332
train-clean-100,68772
train-clean-100,216547
train-clean-100,294123
train-clean-100,11701
train-clean-100,11702
train-clean-100,29411
train-clean-100,29405
train-clean-100,118101
train-clean-100,119902
train-clean-100,295385
train-clean-100,152139
train-clean-100,152137
train-clean-100,4923
train-clean-100,4955
train-clean-100,39174
train-clean-100,39173
train-clean-100,154075
train-clean-100,148436
train-clean-100,154071
train-clean-100,142933
train-clean-100,168623
test-clean,134686
test-clean,134691
test-clean,41806
test-clean,23283
test-clean,41797
test-clean,123288
test-clean,123440
test-clean,123286
test-clean,40744
test-clean,135767
test-clean,135766
test-clean,79740
test-clean,85628
test-clean,79730
test-clean,79759
test-clean,102255
test-clean,170457
test-clean,284449
test-clean,284447
test-clean,292519
test-clean,157963
test-clean,31957
test-clean,131720
test-clean,274381
test-clean,274384
test-clean,68771
test-clean,68769
test-clean,76324
test-clean,81414
test-clean,75918
test-clean,70970
test-clean,70968
test-clean,28240
test-clean,28233
test-clean,28241
test-clean,961
test-clean,960
test-clean,13754
test-clean,13751
test-clean,1836
test-clean,1837
test-clean,1826
test-clean,287645
test-clean,294828
test-clean,294825
test-clean,210777
test-clean,141084
test-clean,141083
test-clean,1181
test-clean,134647
test-clean,1180
test-clean,122797
test-clean,16021
test-clean,75947
test-clean,75946
test-clean,123852
test-clean,123859
test-clean,121726
test-clean,127105
test-clean,279154
test-clean,2275
test-clean,2273
test-clean,2271
test-clean,133604
test-clean,32866
test-clean,32879
test-clean,32865
test-clean,36377
test-clean,36586
test-clean,33396
test-clean,36600
test-clean,92135
test-clean,88083
test-clean,142345
test-clean,134493
test-clean,126133
test-clean,134500
test-clean,122612
test-clean,122617
test-clean,3979
test-clean,3980
test-clean,6852
test-clean,5695
test-clean,5694
test-clean,5696
test-clean,29093
test-clean,29095
dev-clean,137482
dev-clean,9006
dev-clean,9008
dev-clean,170145
dev-clean,170142
dev-clean,170138
dev-clean,168635
dev-clean,50561
dev-clean,84280
dev-clean,121123
dev-clean,121550
dev-clean,286674
dev-clean,73752
dev-clean,281318
dev-clean,111771
dev-clean,153947
dev-clean,153948
dev-clean,153954
dev-clean,142845
dev-clean,147965
dev-clean,147966
dev-clean,147149
dev-clean,147964
dev-clean,61943
dev-clean,66616
dev-clean,61946
dev-clean,15664
dev-clean,110124
dev-clean,105575
dev-clean,110523
dev-clean,166546
dev-clean,143397
dev-clean,143396
dev-clean,34615
dev-clean,34622
dev-clean,34629
dev-clean,138058
dev-clean,152373
dev-clean,147960
dev-clean,147961
dev-clean,137823
dev-clean,118436
dev-clean,136532
dev-clean,64257
dev-clean,93302
dev-clean,93306
dev-clean,8226
dev-clean,23268
dev-clean,122949
dev-clean,142785
dev-clean,126732
dev-clean,275224
dev-clean,57405
dev-clean,64726
dev-clean,275156
dev-clean,275155
dev-clean,275154
dev-clean,302196
dev-clean,302203
dev-clean,302201
dev-clean,304647
dev-clean,43358
dev-clean,43363
dev-clean,43359
dev-clean,4943
dev-clean,4944
dev-clean,149220
dev-clean,149214
dev-clean,149897
dev-clean,149896
dev-clean,149874
dev-clean,64029
dev-clean,64038
dev-clean,64025
dev-clean,130737
dev-clean,129742
dev-clean,130726
dev-clean,64301
dev-clean,244435
dev-clean,161169
dev-clean,154320
dev-clean,154328
dev-clean,24640
dev-clean,284437
dev-clean,24615
dev-clean,163249
dev-clean,135031
dev-clean,141231
dev-clean,128104
dev-clean,83699
dev-clean,83705
dev-clean,66125
dev-clean,66129
dev-clean,76958
dev-clean,148538
dev-clean,24833
dev-clean,147956
